_id,text,label,processed_text,sentiment,emotion
66cf68f6fdc289b67f765772,The Zionist occupation killed this angel,anti-Zionist,zionist occupation killed angel,NEG,disgust
66cf68f6fdc289b67f765775,"never, he is a hypocrite, a Zionist! he is putting the whole of Europe in a difficult situation! He is a friend of the genocidal Israelis! he doesn't even talk about the Gaza genocide!",anti-Zionist,never hypocrite zionist putting whole europe difficult situation friend genocidal israeli even talk gaza genocide,NEG,disgust
66cf68f6fdc289b67f765776,"Zionist imam, a traitor to Islam you know what you deserve I need not to say it. Inshallah it comes to you",anti-Zionist,zionist imam traitor islam know deserve need say it inshallah come,NEG,others
66cf68f6fdc289b67f765777,so literal babies are terrorists/terrorist supporters average zionist logic,anti-Zionist,literal baby terroriststerrorist supporter average zionist logic,NEG,disgust
66cf68f6fdc289b67f765778,Zionists in Palestine are shameless terrorist scumbags. The failing project of Israhell can't stay for long. It cannot continue depending on Zionist death cults without any glimpse of humanity.,anti-Zionist,zionist palestine shameless terrorist scumbags failing project israhell ca nt stay long can not continue depending zionist death cult without glimpse humanity,NEG,anger
66cf68f7fdc289b67f76577a,"Omg. You can believe whatever you want - the issue is that belief is being treated as a protected class normally reserved for attributes you are born with, like being a woman or disabled.

NYU is saying ""zionist"" = ""jew"", and since being Jewish is protected so should zionist",neutral,omg believe whatever want issue belief treated protected class normally reserved attribute born with like woman disabled nyu saying zionist jew since jewish protected zionist,NEG,disgust
66cf68f7fdc289b67f76577b,You can keep going back to when Herzl invented Zionist Ideology… early 1900’s his obsession with forming  a Jewish white supremacist state in the Arab Holy Land known as Palestine. Weitz a Zionist immigrant planned the displacement of Arabs and the law of no return! Evil lot!,anti-Zionist,keep going back herzl invented zionist ideology early s obsession forming jewish white supremacist state arab holy land known palestine weitz zionist immigrant planned displacement arab law return evil lot,NEG,anger
66cf68f7fdc289b67f76577c,A murder occupant Zionist’s  life is worth like 0.0001 of an innocent Palestinians life,anti-Zionist,murder occupant zionist s life worth like innocent palestinian life,NEG,anger
66cf68f7fdc289b67f76577d,"""Islam has no place for terrorism and killing of innocent people"" 

Yet the very trustworthy, objective and credible Zionist owned mainstream media keeps saying otherwise. 

Why do my own research when I have this zionist owned media to tell me what to think?",anti-Zionist,islam place terrorism killing innocent people yet trustworthy objective credible zionist owned mainstream medium keep saying otherwise research zionist owned medium tell think,NEG,disgust
66cf68f7fdc289b67f76577e,"The Biggest threat to the UK is the Zionist movement, Starmer and his obsession with sending arms and missiles to use on other countries.. he is like Blair, he is obsessed into believing being a war monger makes you popular.. he is wrong.. his shocking insults to  the UK will",anti-Zionist,biggest threat uk zionist movement starmer obsession sending arm missile use country like blair obsessed believing war monger make popular wrong shocking insult uk,NEG,disgust
66cf68f7fdc289b67f76577f,What is the biggest threat to the United Kingdom ,neutral,biggest threat united kingdom,NEG,fear
66cf68f7fdc289b67f765780,"The world has been completely silent about Palestinian hostages since years. It is time for zionists to understand that the equation now is changing dramatically. Every Palestinian hostage will be in front an Israeli hostage. 
#FreetheHostages 
#FreeHostages 
#FreePalestine",anti-Zionist,world completely silent palestinian hostage since year time zionist understand equation changing dramatically every palestinian hostage front israeli hostage  freethehostages  freehostages  freepalestine,NEG,others
66cf68fbfdc289b67f765781,Her job is supporting Zionists and coups.,anti-Zionist,job supporting zionist coup,NEG,disgust
66cf68fbfdc289b67f765782,"She says: ""Palestinian isn't an ethnicity, it's an ideology that says they want all Jews to die.""

She’s projecting just like all Zionists do, when in reality it’s actually this:
“[Israeli] isn't an ethnicity, it's an ideology that says they want all [Palestinians] to die.”",anti-Zionist,say : palestinian ethnicity ideology say want jew die she s projecting like zionist do reality it s actually this : israeli ethnicity ideology say want palestinian die,NEG,disgust
66cf68fbfdc289b67f765783,"""I think colonialism gets a bad rap""

Wild exchange with an Israeli far right settler activist, hoping to move into Gaza, and for all Palestinians to be pushed out 

We met Arielle at a tent camp close to the Erez border crossing",neutral,i think colonialism get bad rap wild exchange israeli far right settler activist hoping move gaza palestinian pushed met arielle tent camp close erez border crossing,NEG,others
66cf68fbfdc289b67f765784,"You could actually be using your account to call out the ACTUAL ZIONISTS committing this genocide, instead you decide to attack female artists. Your priorities are messed up and you need to rethink things.",anti-Zionist,could actually using account call actual zionist committing genocide instead decide attack female artist priority messed need rethink thing,NEG,disgust
66cf68fbfdc289b67f765785,No Zionist Jews as well,anti-Semitic,zionist jew well,NEG,disgust
66cf68fcfdc289b67f765787,"How many are zionists, though?",anti-Zionist,many zionist though,NEG,disgust
66cf68fcfdc289b67f765788,"Not my problem. People here are starting to starve slowly,lose their homes and get their cars repossessed while unemployment rises exponentially because financing your war for the zionist and bankster resource grabbers is killing our economy. Each American citizen has sent",anti-Zionist,problem people starting starve slowly lose home get car repossessed unemployment rise exponentially financing war zionist bankster resource grabber killing economy american citizen sent,NEG,disgust
66cf68fcfdc289b67f765789,"If Andrew Bridgen over the past couple of yrs is not enough to let the ppl know we are under tyrannical zionist rule ,i carnt help you .
We need to Unite to Demand theZionist controlled  Gov step down .
Yaxley you NEVER mention the real root cause of why Britain is Broken",anti-Zionist,andrew bridgen past couple yr enough let ppl know tyrannical zionist rule i carnt help need unite demand thezionist controlled gov step yaxley never mention real root cause britain broken,NEG,disgust
66cf68fcfdc289b67f76578b,"Tell him the first rule of being a Zionist is not having ""Free Palestine"" and a terrorist flag in his profile.",anti-Zionist,tell first rule zionist free palestine terrorist flag profile,NEG,others
66cf6900fdc289b67f76578e,"Watch Now:
Hamas kills 16 Zionist IDF Soldiers attack in Gaza.
None of this been reported on American or Israeli news channels",anti-Zionist,watch now : hamas kill zionist idf soldier attack gaza none reported american israeli news channel,NEG,others
66cf6901fdc289b67f76578f,"You can short BNB for those of you who have Binance

I just shorted the mother F out of that shiyte coin.",neutral,short bnb binance shorted mother f shiyte coin,NEG,others
66cf6901fdc289b67f765791,"@Keir_Starmer
 Genocide doesn’t have to mean the murder of 6M. As a human rights lawyer you can see genocide taking place in Gaza but you keep supplying weapons to the Zionist state!!",anti-Zionist,keirstarmer genocide doesn t mean murder m human right lawyer see genocide taking place gaza keep supplying weapon zionist state,NEG,anger
66cf6901fdc289b67f765793,"As a Zionist, you know full well what Zionist Starmer is up to",neutral,zionist know full well zionist starmer,NEG,disgust
66cf6901fdc289b67f765794,Temporary manipulation due to injection of money from zionists. They have closed far too many retail stores,anti-Semitic,temporary manipulation due injection money zionist closed far many retail store,NEG,disgust
66cf6901fdc289b67f765795,"Thinking of you all every hour, an absolute nightmare been forced on you. We are out on the streets shouting at the top of our lungs for our disgusting UK government to stop sending arms to the zionist entity. We will not stop until Palestine is free and colonialism is ended.",anti-Zionist,thinking every hour absolute nightmare forced you street shouting top lung disgusting uk government stop sending arm zionist entity stop palestine free colonialism ended,NEG,disgust
66cf6901fdc289b67f765796,Because the #Zionists do not want to contract #Polio.,anti-Zionist, zionist want contract  polio,NEG,disgust
66cf6902fdc289b67f765798,"Does anyone actually believe Zionists accidentally attacked a UN convoy???

If so why? Because the “most moral army in the world” shies away from committing atrocities???",anti-Zionist,anyone actually believe zionist accidentally attacked un convoy why most moral army world shy away committing atrocity,NEG,disgust
66cf6902fdc289b67f76579a,"""Parasocial relationships"" no I actually call Gaga out when actual, factual issues that occur happen. Claiming she is a zionist because of a show and a fake Israeli propaganda article is something I WILL defend her for because it is absolute bullshit",anti-Zionist,parasocial relationship actually call gaga actual factual issue occur happen claiming zionist show fake israeli propaganda article something defend absolute bullshit,NEG,disgust
66cf6902fdc289b67f76579c,YOU are focusing on the wrong problem. the problem is there are zionists part of this project. it doesn’t matter who they are. the fact that they have any part in this is the problem.,anti-Zionist,focusing wrong problem problem zionist part project doesn t matter are fact part problem,NEG,others
66cf6902fdc289b67f76579d,"Couldn't give a flying fuck if he's took weight loss pills, injections or whatever.

I do care about his blatant corruption, vile treatment of child asylum seekers, his pathological lying & his zionist support of Israeli genocide & war crimes.",anti-Zionist,give flying fuck he s took weight loss pill injection whatever care blatant corruption vile treatment child asylum seeker pathological lying zionist support israeli genocide war crime,NEG,anger
66cf6903fdc289b67f76579e,"Zionist #Terrorist #p""!gʻ§ target a Palestinian man with special needs while he was walking on a special needs crossover in Deir al-Balah in the central Gaza Strip

#غزة_الآن
#فلسطين
#القدس 
#جنوب_لبنان

#Gaza_in_Genocide ",anti-Zionist,zionist  terrorist  p g target palestinian man special need walking special need crossover deir albalah central gaza strip      gazaingenocide,NEG,others
66cf6906fdc289b67f76579f,yall are wayyy too comfy giving this woman a platform just for the giggles and jokes. shes a fucking zionist.,anti-Zionist,yall wayyy comfy giving woman platform giggle joke shes fucking zionist,NEG,disgust
66cf6906fdc289b67f7657a0,Indiscriminate killing makes it hard to think of Zionists in Palestine as humans. They are much closer to filthy animals.,anti-Zionist,indiscriminate killing make hard think zionist palestine human much closer filthy animal,NEG,disgust
66cf6907fdc289b67f7657a1,im as zionist as they come but shmuley is such a bad voice to represent Israel,neutral,im zionist come shmuley bad voice represent israel,NEG,others
66cf6907fdc289b67f7657a2,Because of Zionist Israel,anti-Zionist,zionist israel,NEG,disgust
66cf6907fdc289b67f7657a3,"Since you are with the genocidal Zionist entity, We are happy that Russia destroys you!!.... I don't hate Ukrainian people, but this man is not the right person to lead Ukraine",anti-Zionist,since genocidal zionist entity happy russia destroys you hate ukrainian people man right person lead ukraine,NEG,disgust
66cf6907fdc289b67f7657a5,They are delusional and going to hell. For any Christian to think Jesus would approve of the Zionist entity’s actions is sickening and depraved.,anti-Zionist,delusional going hell christian think jesus would approve zionist entity s action sickening depraved,NEG,anger
66cf6907fdc289b67f7657a6,I never realized there were so many Zionist Catholics. WTF,anti-Zionist,never realized many zionist catholic wtf,NEG,disgust
66cf6908fdc289b67f7657a7,"A point...what does usa gov think would happen if Hamas surrendered gave up weapons and all hostages were released,,,would it be 
A /flowers and gifts and more  food and drink than needed from the #zionist infiltrators.
or
B / With all hostages freed  #GenocideExtreme then
Sinai.",anti-Zionist,point what usa gov think would happen hamas surrendered gave weapon hostage released would flower gift food drink needed  zionist infiltrator b hostage freed  genocideextreme sinai,NEG,disgust
66cf6908fdc289b67f7657a8,"Scooter Braun is so JD Vance coded (weirdly obsessed with women who want nothing to do with him, also a zionist freak)",anti-Zionist,scooter braun jd vance coded weirdly obsessed woman want nothing him also zionist freak,NEG,disgust
66cf6908fdc289b67f7657aa,"That is all zionists have lies and crying! Proud to rape and be peados, Satan's chosen people",anti-Zionist,zionist lie cry proud rape peados satan s chosen people,NEG,anger
66cf690cfdc289b67f7657ac," Egyptian Foreign Ministry:

“We CONDEMN the Israeli military incursions into the cities of the northern West Bank, which led to the martyrdom and injury of many Palestinians…”

“We DEMAND a unified and effective international position that provides protection for the",anti-Zionist,egyptian foreign ministry : we condemn israeli military incursion city northern west bank led martyrdom injury many palestinian we demand unified effective international position provides protection,NEG,others
66cf690cfdc289b67f7657ad,"Your logic: ""If it's not on a media source of my liking, it's fake.""

Zionists will never acquiesce to their crimes and claim either ""antisemitism"" or ""propganda.""

The irony is that the IDF is full of propganda, and the goalposts for antisemitism are forever expanding.",anti-Zionist,logic : if medium source liking fake zionist never acquiesce crime claim either antisemitism propganda irony idf full propganda goalpost antisemitism forever expanding,NEG,disgust
66cf690cfdc289b67f7657ae,"""Stan culture makes you believe you know a stranger"" GURL THATS LITERALLY WHAT YOURE DOING 

Everything you have said has pointed to zero evidence supporting your claim about Gaga being a zionist. She has never explicitly said she supports Israel",neutral,stan culture make believe know stranger gurl thats literally youre everything said pointed zero evidence supporting claim gaga zionist never explicitly said support israel,NEG,disgust
66cf690cfdc289b67f7657af,I hate that those Israel First Zionist Jews of AIPAC are targeting you for defeat Ted & They’re running that uppity Shvartza against you,anti-Zionist,hate israel first zionist jew aipac targeting defeat ted they re running uppity shvartza,NEG,anger
66cf690cfdc289b67f7657b0,You must love it you Zionist slave!,anti-Zionist,must love zionist slave,NEG,disgust
66cf690dfdc289b67f7657b1,"They also hit the US convoy, so do they mean there's nothing to do? For Zionist Israel, it does not care if its own people are also shot  They are mocking the world 
And the Americans are watching! 
@UN
 @UN_Spokesperson
 
@JoeBiden
 @POTUS
 @KamalaHarris",anti-Zionist,also hit u convoy mean there s nothing do zionist israel care people also shot mocking world american watching un unspokesperson joebiden potus kamalaharris,NEG,disgust
66cf690dfdc289b67f7657b2,Wow the Zionists really are trying to wipe Ukraine clean so they can move in,anti-Zionist,wow zionist really trying wipe ukraine clean move,NEG,disgust
66cf690dfdc289b67f7657b4,The nerve of this “JEW” a lot of them try to hide their Zionist heritage  until you look their parents up lol I guess it’s the natural coward in them to act like a spy and lie ,anti-Zionist,nerve jew lot try hide zionist heritage look parent lol guess it s natural coward act like spy lie,NEG,anger
66cf690dfdc289b67f7657b5,She won’t.  She is a Zionist of the same ilk as Jake Tapper and Dana Bash.,anti-Zionist,won t zionist ilk jake tapper dana bash,NEG,disgust
66cf690dfdc289b67f7657b6,Sweet lord...Zionists switched the flag midstream,anti-Zionist,sweet lord zionist switched flag midstream,NEG,others
66cf690dfdc289b67f7657b7,I'm a Catholic and any catholic who claims to be a Zionist is lying. Completely incompatible with the Catholic faith.,anti-Zionist,i m catholic catholic claim zionist lying completely incompatible catholic faith,NEG,disgust
66cf690efdc289b67f7657b8,The Zionist regime in Israel truly has to be one of if not the most disgusting entity in human existence.,anti-Zionist,zionist regime israel truly one disgusting entity human existence,NEG,disgust
66cf690efdc289b67f7657b9,"The weak and gullible. They are the same ones that believe there are hoards of far right EDL thugs rampaging through the streets looking for Muslims, the same ones that think illegal immigrants crossing the channel are part of a Zionist master plan.",anti-Zionist,weak gullible one believe hoard far right edl thug rampaging street looking muslim one think illegal immigrant crossing channel part zionist master plan,NEG,anger
66cf690efdc289b67f7657ba,Neil Druckmann is a raging zionist,anti-Zionist,neil druckmann raging zionist,NEG,disgust
66cf690efdc289b67f7657bb,"If you are an Israeli zionist, you are admitting you are a racist who believes in ethnic superiority over Arab Israelis.",anti-Zionist,israeli zionist admitting racist belief ethnic superiority arab israeli,NEG,disgust
66cf690efdc289b67f7657bc,"How painful it is.   The children of Gaza are innocent.   The Zionist regime has no sense of humanity.   These crimes will not go unanswered.  God, send the promised savior and save Gaza from this pain and war",anti-Zionist,painful is child gaza innocent zionist regime sense humanity crime go unanswered god send promised savior save gaza pain war,NEG,disgust
66cf6911fdc289b67f7657bd,Because he’s a zionist puppet,anti-Zionist,he s zionist puppet,NEG,disgust
66cf6911fdc289b67f7657bf,It’s due to definition creep. If you call every Jew who doesn’t support Hamas a “Zionist” then you have redefined Zionist to mean “Jew”,anti-Semitic,it s due definition creep call every jew doesn t support hamas zionist redefined zionist mean jew,NEG,disgust
66cf6911fdc289b67f7657c1,"Zionist believe in Satan, not God.",anti-Zionist,zionist believe satan god,NEG,disgust
66cf6912fdc289b67f7657c2,Zionists destroyed the power of the USA,anti-Zionist,zionist destroyed power usa,NEG,disgust
66cf6912fdc289b67f7657c3,China says the United States’ days of bullying the world are coming to an end.,neutral,china say united state day bullying world coming end,NEG,others
66cf6912fdc289b67f7657c4,"foreign agent Shabbos Kestenbaum is trying to persecute Liz Magill, UPenn’s former president who was pushed out b/c of the Zionist witch hunt to censor speech critical ofcrimes. He’s tagged all the Gestapos so they can attack her.

These ppl support Antisemitism Awareness Act",neutral,foreign agent shabbos kestenbaum trying persecute liz magill upenn s former president pushed bc zionist witch hunt censor speech critical ofcrimes he s tagged gestapo attack her ppl support antisemitism awareness act,NEG,disgust
66cf6912fdc289b67f7657c5,"Well who is being a racist?

Oh look a Zionist.

What a surprise.

Enjoy your ignorance and hatefulness in peace.

The levant does not belong to you and Palestine will be free from the river to sea, for all people as equals.

ALL COLONIALISM ends in failure.

As will THIS! ",anti-Zionist,well racist oh look zionist surprise enjoy ignorance hatefulness peace levant belong palestine free river sea people equal colonialism end failure this,NEG,anger
66cf6912fdc289b67f7657c7,"That is simply wrong, Hitler was always opposed to a Zionist state, he said that as early as in Mein Kampf, and later made it official policy in his contract with the Grand Mufti.

Also between 1931 and 36 those jews would have gone there voluntarily not by forced nazi policy.",anti-Semitic,simply wrong hitler always opposed zionist state said early mein kampf later made official policy contract grand mufti also jew would gone voluntarily forced nazi policy,NEG,others
66cf6916fdc289b67f7657c8,Loyal dog of zionists,anti-Zionist,loyal dog zionist,NEG,others
66cf6916fdc289b67f7657c9,You're going to burn in hell,neutral,going burn hell,NEG,anger
66cf6916fdc289b67f7657ca,"Jewish Dems illustrate America's -controlled govt. They're fine with Trump & Ben Gvir but need you to believe they're not: ""Your vote really matters!""

Pro-genocide 1-issue  voters who wield ""antisemite"" to deceive ... same as Trump.

#Zionists #Zionism #Israel #Netanyahu",anti-Zionist,jewish dems illustrate america s controlled govt they re fine trump ben gvir need believe they re not : your vote really matter progenocide issue voter wield antisemite deceive trump  zionist  zionism  israel  netanyahu,NEG,anger
66cf6917fdc289b67f7657cc,Please do because I'm yet to see how half of these being fake means someone is a zionist,anti-Zionist,please i m yet see half fake mean someone zionist,NEG,disgust
66cf6917fdc289b67f7657cd,This isn’t the Gaza Strip Homie. They should’ve unaligned his Zionist bitch ass.,anti-Zionist,isn t gaza strip homie should ve unaligned zionist bitch as,NEG,disgust
66cf6917fdc289b67f7657ce,The caption is fake. https://x.com/Mrgunsngear/status/1828510995951812943…,neutral,caption fake URL,NEG,disgust
66cf6917fdc289b67f7657cf,Buying zionist supporting coke?,anti-Zionist,buying zionist supporting coke,NEG,disgust
66cf6917fdc289b67f7657d1,No to zionist spuds ,anti-Zionist,zionist spud,NEG,disgust
66cf6917fdc289b67f7657d3,"No it is not! I am totally against Zionists, majority of them being Christian’s. I am opposed to the political ideology that has resulted in the confiscation of land from the Palestinians, leading to a ramping up of a genocidal war that has been going on for decades.",anti-Zionist,not totally zionist majority christian s opposed political ideology resulted confiscation land palestinian leading ramping genocidal war going decade,NEG,disgust
66cf6918fdc289b67f7657d5,"Every fucking coloniser thinks d same way b4 being dumped in2 trash can of history.  Zionist occupiers & terrorists have been mass slaughtering Palestinians since 7 decades. Live in your vile illusions,  resistance never fades & will continue till their glorious victory,  
#Gaza",anti-Zionist,every fucking coloniser think way b dumped in trash history zionist occupier terrorist mass slaughtering palestinian since decade live vile illusion resistance never fade continue till glorious victory  gaza,NEG,anger
66cf6918fdc289b67f7657d6,News flash: not just the left  everyone hates zionist scum.,anti-Zionist,news flash : left everyone hate zionist scum,NEG,disgust
66cf6918fdc289b67f7657d7,you are holding all Palestinian families with their children and babies hostages.. no food no water. the biggest prison in the world.. even the Nazis would be shocked to see your Zionist Jewish crimes that humanity has never seen before,anti-Zionist,holding palestinian family child baby hostage food water biggest prison world even nazi would shocked see zionist jewish crime humanity never seen,NEG,disgust
66cf6918fdc289b67f7657d8,It seem most Zionists/Israelis don't realize it's not 1948 anymore. Or the 1980s or '90s. They can't hide or propagandize the whole world anymore like they used to be able to. People have phones & cameras. The internet exists. We see you.,anti-Zionist,seem zionistsisraelis realize anymore s s ca nt hide propagandize whole world anymore like used able to people phone camera internet exists see you,NEG,anger
66cf691bfdc289b67f7657d9,"I sometimes think I must’ve dreamed this event because of the silence. No outrage. 
@AlexCrawfordSky
 is based in Turkey. It’s like it never happened. But Zionists! ",neutral,sometimes think must ve dreamed event silence outrage alexcrawfordsky based turkey it s like never happened zionist,NEG,disgust
66cf691bfdc289b67f7657da,"This is Turkish occupied Kurdistan.

In 2015, Turkey massacred thousands of Kurdish civilians and forcibly  displaced 500,000 Kurds. Entire Kurdish villages and cities were bombed into oblivion.

Nobody condemned Turkey. Nobody marched for Kurds.",neutral,turkish occupied kurdistan turkey massacred thousand kurdish civilian forcibly displaced kurd entire kurdish village city bombed oblivion nobody condemned turkey nobody marched kurd,NEG,others
66cf691bfdc289b67f7657db,On what ground.. Fake zionist account,anti-Zionist,ground fake zionist account,NEG,anger
66cf691bfdc289b67f7657dc,"Korpsety has raved about Israel, said she wants to perform there, works with Zionist brands and collabs with Zionists just the same.

Unfortunately your fake quotes will not change reality!",anti-Zionist,korpsety raved israel said want perform there work zionist brand collabs zionist same unfortunately fake quote change reality,NEG,disgust
66cf691bfdc289b67f7657dd,Well I never saw that coming  What do you think all of this war in Gaza is about!,neutral,well never saw coming think war gaza about,NEG,others
66cf691cfdc289b67f7657de,"As is happening in Gaza, Zionist terrorism is targeting civilians in the northern West Bank (Jenin, Tulkarm, Tubas), destroying their infrastructure and besieging their hospitals.

Israel is the clearest example of terrorism in modern history.

#Gaza #West_Bank #IsraelTerrorism",anti-Zionist,happening gaza zionist terrorism targeting civilian northern west bank jenin tulkarm tuba destroying infrastructure besieging hospital israel clearest example terrorism modern history  gaza  westbank  israelterrorism,NEG,disgust
66cf691ffdc289b67f7657e0,"I hope you and your beta Zionist boyfriend get what's coming from Muslims, tubby!",anti-Zionist,hope beta zionist boyfriend get what s coming muslim tubby,NEG,disgust
66cf691ffdc289b67f7657e1,"I don’t think that’s true. As far as I can tell, most Zionist leaders expected improved quality of life for the arab minority, even if you think they were mistaken.",neutral,don t think that s true far tell zionist leader expected improved quality life arab minority even think mistaken,NEG,others
66cf691ffdc289b67f7657e2,the obsession that this zionist scum has with taylor needs to be seriously studied by all the psychologists in the world,anti-Zionist,obsession zionist scum taylor need seriously studied psychologist world,NEG,disgust
66cf6920fdc289b67f7657e7,Zionists in Palestine are waging a war against human aid to civilians. The scumbags are targeting any form of life in Palestine.,anti-Zionist,zionist palestine waging war human aid civilian scumbags targeting form life palestine,NEG,disgust
66cf6920fdc289b67f7657e8,"Hen Mazzig is a zionist. ALL zionists lie, it's all they have. Their whole lives are built on lies, theft and murder. They even teach their children to be murderers.",anti-Zionist,hen mazzig zionist zionist lie have whole life built lie theft murder even teach child murderer,NEG,disgust
66cf6920fdc289b67f7657e9,Maybe but committing genocide may not even reveal the ugliest side of Zionists,anti-Zionist,maybe committing genocide may even reveal ugliest side zionist,NEG,disgust
66cf6920fdc289b67f7657ec,"Man, if Miku was a zionist than I don't know who we'd get to have made Minecraft now.",neutral,man miku zionist know we d get made minecraft now,NEG,others
66cf6923fdc289b67f7657ed,"Like I said, it was just Zionists propaganda, you're stuck in the past.",anti-Zionist,like said zionist propaganda stuck past,NEG,disgust
66cf6924fdc289b67f7657ef,That’s fine….but it was clearly a failure.  Now all of Gaza is occupied and in rubble.  Their resistance actually made Zionist occupation easier ,anti-Zionist,that s finebut clearly failure gaza occupied rubble resistance actually made zionist occupation easier,NEG,others
66cf6924fdc289b67f7657f0,"There it is, you're a Zionist too that's why you feel the need to defend a pedophile",anti-Zionist,is zionist that s feel need defend pedophile,NEG,disgust
66cf6924fdc289b67f7657f1,Because they’d be outed as the Zionist Nazis they are ,anti-Zionist,they d outed zionist nazi,NEG,others
66cf6924fdc289b67f7657f2,We’d ask Palestinian college students how they feel too but they’re dead and all their colleges have been razed to the ground. x.com/globeeyenews/s…,anti-Zionist,we d ask palestinian college student feel they re dead college razed ground xcomglobeeyenewss,NEG,others
66cf6924fdc289b67f7657f3,"As I mentioned before, the crimes and brutality of the Assad regime makes ISIS look like a joke in comparison. People rightfully criticize ISIS, yet at the same time, some view Assad & his allies as some sort of Anti-Zionist heroes.

These massacres against civilians (1500+",neutral,mentioned before crime brutality assad regime make isi look like joke comparison people rightfully criticize isi yet time view assad ally sort antizionist hero massacre civilian,NEG,disgust
66cf6924fdc289b67f7657f4,"Similar stuff occurred in Bayda & Baniyas massacre, Houla Massacre, and Darraya massacre. 

The civilian casualties of these massacres add up to more than 1000+ which was done by Assad regime that this grifter barely posts about and even if he does, it’s this nonsense: ",neutral,similar stuff occurred bayda baniyas massacre houla massacre darraya massacre civilian casualty massacre add done assad regime grifter barely post even doe it s nonsense :,NEG,disgust
66cf6924fdc289b67f7657f5,Why'd you take zionist blood money DURING a genocide carried out by the people paying you?  I mean taking the money at any time is gross but seriously?,anti-Zionist,why d take zionist blood money genocide carried people paying you mean taking money time gross seriously,NEG,disgust
66cf6924fdc289b67f7657f6,"She performed in Israel, supports zionist brands, has been silent while 50 thousand people were being murdered, worked with Bruno Mars who is another zionist, has made statements abt loving Israel, ignored the BDS movement and still visited Israel I could go on",anti-Zionist,performed israel support zionist brand silent thousand people murdered worked bruno mar another zionist made statement abt loving israel ignored bd movement still visited israel could go,NEG,disgust
66cf6924fdc289b67f7657f7,"Arab Jews of the Levant exist and have existed for millennia.

European Jews also exist.

You zionists find thinking a little challengingg.

But genetics is pretty advanced these days and the facts exist, unfortunately for you propagandists. Too bad!",anti-Zionist,arab jew levant exist existed millennium european jew also exist zionist find thinking little challengingg genetics pretty advanced day fact exist unfortunately propagandist bad,NEG,disgust
66cf6924fdc289b67f7657f8,It's the fault of the Zionists and their weather machines.,anti-Zionist,fault zionist weather machine,NEG,disgust
66cf6925fdc289b67f7657f9,As we proceed cleaning up the world from Zionist occupational rats,anti-Semitic,proceed cleaning world zionist occupational rat,NEG,disgust
66cf6928fdc289b67f7657fa,"Israel is suffocating Palestinian prisoner Khalida Jarrar. This captures the Zionist project on multiple scales, suffocation and starvation.

There's a line in the 1984 film ""Gaza Ghetto"" where a haj says something like, ""if they could measure the oxygen we breathe, they would.""",anti-Semitic,israel suffocating palestinian prisoner khalida jarrar capture zionist project multiple scale suffocation starvation there s line film gaza ghetto haj say something like if could measure oxygen breathe would,NEG,others
66cf6928fdc289b67f7657fb,"[Thread] 1/  
PFLP:
A letter from the imprisoned comrade and fighter Khalida Jarrar from inside the zionist prisons of oppression:

""I die every day. The cell is like a small closed box where no air enters. There is only a toilet in the cell with a small window above it,",neutral,thread pflp : letter imprisoned comrade fighter khalida jarrar inside zionist prison oppression : i die every day cell like small closed box air enters toilet cell small window it,NEG,others
66cf6928fdc289b67f7657fc,"Zionists, who hate literally everyone, don't have to be Jewish though do they? So maybe it's that with Marx.",anti-Zionist,zionist hate literally everyone jewish though they maybe marx,NEG,disgust
66cf6929fdc289b67f7657fe,Nice Zionist page. Blocked,anti-Zionist,nice zionist page blocked,NEG,others
66cf6929fdc289b67f7657ff,R u a hidden zionist or are u deliberately trying to do fitna?....as it is the world wants to remove the niqab....your tone deaf comments put  niqabis in jeopardy as PPL will say even if u r covered men r still going to ogle u,anti-Zionist,r u hidden zionist u deliberately trying fitna a world want remove niqab your tone deaf comment put niqabis jeopardy ppl say even u r covered men r still going ogle u,NEG,anger
66cf6929fdc289b67f765800,I thought those were the people you were talking about...so which people did you mean?,neutral,thought people talking about so people mean,NEG,others
66cf6929fdc289b67f765802,"By this logic, you can only be a Zionist if you are a Jew.",neutral,logic zionist jew,NEG,disgust
66cf6929fdc289b67f765803,"who was ""Al-Qassam Brigades broadcasts footage of the sniper operation carried out by its fighters, which targeted a Zionist soldier and killed him in a building behind the Stars Hall, south of the Zeitoun neighborhood in Gaza City.""",anti-Zionist,alqassam brigade broadcast footage sniper operation carried fighter targeted zionist soldier killed building behind star hall south zeitoun neighborhood gaza city,NEG,others
66cf6929fdc289b67f765805,"Zionist brands like Just Eats and Ten Bis? :) 

Acting like Korpsety hasn’t done the Super Bowl herself ",neutral,zionist brand like eats ten bi : acting like korpsety hasn t done super bowl,NEG,disgust
66cf6929fdc289b67f765806,It certainly is. So people like you should stop rewriting it. The siege and destruction of Jerusalem and the exiling of its Jews are in all the history books. It happened in 1948. There were even cameras.  Ignorance is the hallmark of anti-Zionists.,anti-Zionist,certainly is people like stop rewriting it siege destruction jerusalem exiling jew history book happened even camera ignorance hallmark antizionists,NEG,anger
66cf6929fdc289b67f765807,"Zionists jump on anything, that's a Jew helping a Palestinian...zionists only kill",anti-Zionist,zionist jump anything that s jew helping palestinian zionist kill,NEG,disgust
66cf6929fdc289b67f765808,"Pay attention to how zionist school administrators not only are weaponizing antisemitism against students of color, but how partnerships with cops are going to further intensify too. It already has begun in over 50 campuses. This is why it’s free Palestine and abolish the police.",anti-Zionist,pay attention zionist school administrator weaponizing antisemitism student color partnership cop going intensify too already begun campus it s free palestine abolish police,NEG,anger
66cf692afdc289b67f765809,Make no mistake the “Israeli” Zionist invasion on the occupied West Bank came after the Death Secretary Blinken’s visit. This is co-signed by their Genocide Crime Partner and funder the USA. Fuck Israel and The USA,anti-Semitic,make mistake israeli zionist invasion occupied west bank came death secretary blinken s visit cosigned genocide crime partner funder usa fuck israel usa,NEG,anger
66cf692afdc289b67f76580a,BREAKING: Palestinian officials say Israeli raids across the occupied West Bank have killed at least 9 Palestinians https://apnews.com/article/israel-palestinians-hamas-war-news-08-28-2024-41d98ed3cda2ba4a783913b06fbdc7d1?taid=66cebf37f2c41200012f4d83&utm_campaign=TrueAnthem&utm_medium=AP&utm_source=Twitter…,anti-Semitic,breaking : palestinian official say israeli raid across occupied west bank killed least palestinian URL,NEG,sadness
66cf692dfdc289b67f76580b,"What do you expect when you wave Zionist Israel's flag, fcuking bouquets?",anti-Zionist,expect wave zionist israel s flag fcuking bouquet,NEG,others
66cf692dfdc289b67f76580d,The immigrants aren’t the threat. The Zionists are. Other whites.,anti-Zionist,immigrant aren t threat zionist are white,NEG,others
66cf692dfdc289b67f76580e,Fake Zionist propaganda for the gullible.,anti-Zionist,fake zionist propaganda gullible,NEG,anger
66cf692efdc289b67f765810,Zionists don’t call it that.,neutral,zionist don t call that,NEG,disgust
66cf692efdc289b67f765811,She is a proven racist. She would be sacked if not a zionist.,anti-Zionist,proven racist would sacked zionist,NEG,disgust
66cf692efdc289b67f765812,"The Western hypocrisy, The real issue is not Afghanistan's Women, The real issue is the Palestinian women, #Israeli Zionist criminal soldiers raped, killed and bombing more than 10 months Gaza, They  killed thousands of Palestinian Women in #Gaza and still they are Arming",anti-Zionist,western hypocrisy real issue afghanistan s woman real issue palestinian woman  israeli zionist criminal soldier raped killed bombing month gaza killed thousand palestinian woman  gaza still arming,NEG,disgust
66cf692efdc289b67f765813,‘Frightening’ Taliban law bans women from speaking in public http://dlvr.it/TCP00F,neutral,frightening taliban law ban woman speaking public URL,NEG,fear
66cf692efdc289b67f765814,"Noting the history of Zionist Apparatchik using medicine as a weapon, I would put about as much trust in those ""vaccinations"" as a random needle found on the ground on skid row.",neutral,noting history zionist apparatchik using medicine weapon would put much trust vaccination random needle found ground skid row,NEG,disgust
66cf692efdc289b67f765815,The polio in Gaza is type two- vaccine derived. So Gaza has been getting vaccines from since back in November with the help of your hated “Zionist” regime,neutral,polio gaza type two vaccine derived gaza getting vaccine since back november help hated zionist regime,NEG,others
66cf692efdc289b67f765816,"since the 20s hitler called jews foreigners and not good for nazi germany and wanted to only deport them (to palestine), only after https://en.wikipedia.org/wiki/Operation_Barbarossa… did hitler want to kill them all, which is is which is when any such support from zionists ended.",anti-Semitic,since s hitler called jew foreigner good nazi germany wanted deport to palestine URL hitler want kill all support zionist ended,NEG,others
66cf692efdc289b67f765817,"Catholics, Hindus, Buddhists, Christian’s, a lot of Muslims (UAE, Saudi, Egypt, Morocco, Jordan) Many people actually. Only people who don’t support Zionism are left wing radicals with mental health issues. Just because you’re loud, doesn’t mean you’re the majority.",neutral,catholic hindu buddhist christian s lot muslim uae saudi egypt morocco jordan many people actually people don t support zionism left wing radical mental health issue you re loud doesn t mean you re majority,NEG,disgust
66cf692efdc289b67f765818,"If you don’t see how evil Zionist Israelis are then you are blind

If you don’t feel how evil Zionist Israelis are then you are heartless 

Palestinians have endured oppression,massacre & dehumanisation for over 75yrs & Zionists have had impunity. Eventually they will fight back",anti-Zionist,don t see evil zionist israeli blind don t feel evil zionist israeli heartless palestinian endured oppression massacre dehumanisation yr zionist impunity eventually fight back,NEG,anger
66cf692ffdc289b67f765819,"At some point it should be straightforward to admit that Zionism, in practice if not necessarily in the minds of every Zionist, was predicated on fucking over the Arabs of Palestine to resurrect a Jewish polity in the region.",anti-Zionist,point straightforward admit zionism practice necessarily mind every zionist predicated fucking arab palestine resurrect jewish polity region,NEG,disgust
66cf6932fdc289b67f76581b,"Why would it surprise you? 

Most Americans, including myself, are ""Zionist"" as in supporting the right to a Jewish homeland. We should have put it in New Mexico, but blame the Brits for that.

I just think that Israel needs to be accountable. They act as if the war never ended.",neutral,would surprise you american including myself zionist supporting right jewish homeland put new mexico blame brit that think israel need accountable act war never ended,NEG,disgust
66cf6932fdc289b67f76581c,"You like horror, see what Zionists are doing to world’s babies.",anti-Zionist,like horror see zionist world s baby,NEG,others
66cf6932fdc289b67f76581e,"Zionists willingly chose eternal warfare, why should we be involved?",anti-Zionist,zionist willingly chose eternal warfare involved,NEG,disgust
66cf6932fdc289b67f76581f,Yes..victims of the Nazi Zionist invaders,anti-Zionist,yes victim nazi zionist invader,NEG,disgust
66cf6932fdc289b67f765820,A culture that is fighting for survival against a Zionist regime that believes it is somehow entitled to land because of something a book that allows rape and genocide said to their patriarch eons ago.  There is not a rational side in this fight.,anti-Zionist,culture fighting survival zionist regime belief somehow entitled land something book allows rape genocide said patriarch eon ago rational side fight,NEG,disgust
66cf6932fdc289b67f765821,"Basically .. these people have been working on this for years ., implementing their own people into governments worldwide .. mostly Zionist Jews or puppets with Zionist handlers .. but many have WOKE UP ( RESEARCHED !!  )  .. so now these pedo’s know the masses are awaking",anti-Semitic,basically people working year implementing people government worldwide mostly zionist jew puppet zionist handler many woke researched pedo s know mass awaking,NEG,disgust
66cf6933fdc289b67f765823,Look behind him cryptos! He showed his loyalty! Piss of munafik! Who fucking restored sabbateans meeting place? And who approved it 1st?!,neutral,look behind cryptos showed loyalty piss munafik fucking restored sabbateans meeting place approved st,NEG,disgust
66cf6933fdc289b67f765825,"How interesting Sam Kriss’ online right wing break down doesn’t include Jewish race supremacists, genocide supporters,  and Zionists of all kinds

I guess some topics are too sensitive for his content needs. Too sacred, perhaps.",anti-Zionist,interesting sam kris online right wing break doesn t include jewish race supremacist genocide supporter zionist kind guess topic sensitive content need sacred perhaps,NEG,disgust
66cf6936fdc289b67f765826,"My guess is it's, in order of importance:
The US
Zionists
Russia
The Gammons
The PLP (FOI)
The Voters 

Anyone you can name. actually.",neutral,guess it s order importance : u zionist russia gammon plp foi voter anyone name actually,NEG,disgust
66cf6936fdc289b67f765827,"For 76 years we haven't asked for the world's sympathy and we'll never expect it. Unlike the Palestinian addiction to victimhood, Israelis take the path of taking care of ourselves. That's why we're successful. 
Thanks for providing my daily dose of anti-Zionist hate.",neutral,year asked world s sympathy we ll never expect it unlike palestinian addiction victimhood israeli take path taking care ourselves that s we re successful thanks providing daily dose antizionist hate,NEG,disgust
66cf6936fdc289b67f765828,"""Money hungry zionist"" like Sabrina working with Coca Cola just last year you mean?",anti-Zionist,money hungry zionist like sabrina working coca cola last year mean,NEG,disgust
66cf6936fdc289b67f765829,No wonder the SNP have been targetted recently by a Jewish rep claiming they are 'anti-semitic'. Scottish Labour MP took all-expenses-paid trip to Israel funded by Zionist group,anti-Semitic,wonder snp targetted recently jewish rep claiming antisemitic scottish labour mp took allexpensespaid trip israel funded zionist group,NEG,disgust
66cf6937fdc289b67f76582c,"Take your funds out of 
@binance
 #BoycottBinance today it's them tomorrow it will be us. Traitors, 
@cz_binance
 is a disgusting zionist supporter and supporter of genocide.",anti-Semitic,take fund binance  boycottbinance today tomorrow u traitor czbinance disgusting zionist supporter supporter genocide,NEG,anger
66cf6937fdc289b67f76582d,These Zionists cannot be trusted,anti-Zionist,zionist can not trusted,NEG,disgust
66cf6937fdc289b67f76582e,"Remember the racist code words of not too long ago? ""welfare queen,"" ""superpredator,"" ""inner city thugs,"" etc etc.

This is how ""Zionist"" is used right now to signal ""Jew"" by most pro-Palestine advocates. They use the same approach as the racists who used those other code words.",neutral,remember racist code word long ago welfare queen superpredator inner city thug etc etc zionist used right signal jew propalestine advocate use approach racist used code word,NEG,disgust
66cf6937fdc289b67f76582f,"Israel has been killing and raping and demolished people from there lands for the past 80 years, apartheid, genocide, Gaza is closed, they can't get out, you're a Zionist who enjoys seeing Palestine children dying, there's no point to argue with a terrorist Israeli, hell for you",anti-Semitic,israel killing raping demolished people land past year apartheid genocide gaza closed ca nt get out zionist enjoys seeing palestine child dying there s point argue terrorist israeli hell,NEG,anger
66cf6937fdc289b67f765830,"Occupied state of Palestine needs the world to assist in getting rid of the squatters 
The Great Satan of usa/zionists on full display",anti-Semitic,occupied state palestine need world assist getting rid squatter great satan usazionists full display,NEG,disgust
66cf6937fdc289b67f765831,"jewish supremacist & zionist apologists jews love to shuffle the narratives as usual, because its always the same people who have declared they are zionists and love israel to be the ones whining about being called 'jews'",anti-Semitic,jewish supremacist zionist apologist jew love shuffle narrative usual always people declared zionist love israel one whining called jew,NEG,disgust
66cf6937fdc289b67f765833,The Zionists…,neutral,zionist,NEG,disgust
66cf693bfdc289b67f765835,"No but the order is wrong from evilest to evil 

Idf
Usa
Nazi 
Isis

And behind them all is a scumbag Zionist even behind Hitler was a Zionist",anti-Semitic,order wrong evilest evil idf usa nazi isi behind scumbag zionist even behind hitler zionist,NEG,anger
66cf693cfdc289b67f765837,This is the action of Jews. Deny it all you want Jewish billionaires and politicians are entirely behind the move to censor free speech just to prevent the masses from knowing the truth about what they do,anti-Semitic,action jew deny want jewish billionaire politician entirely behind move censor free speech prevent mass knowing truth,NEG,anger
66cf693cfdc289b67f765838,"Your statement that ""US universities have enacted new, repressive rules to prevent critically thinking students from upsetting the Zionist billionaire class that controls their administrations by protesting Israel’s genocide"" perpetuates several myths and fails to acknowledge",neutral,statement u university enacted new repressive rule prevent critically thinking student upsetting zionist billionaire class control administration protesting israel s genocide perpetuates several myth fails acknowledge,NEG,disgust
66cf693cfdc289b67f765839,"@Independent
Behold what Zionist scumbags are doing in Palestine.",anti-Zionist,independent behold zionist scumbags palestine,NEG,anger
